Video Title,Video Title Url,Date
UiPath | Alliances - Infosys,https://www.infosys.com/about/alliances/uipath.html,
UiPath Orchestrator: Most Widely Used RPA Tools,https://www.simplilearn.com/tutorials/rpa-tutorial/uipath-orchestrator,
Watch an automation go from idea to reality with UiPath ...,https://www.youtube.com/watch?v=l-E3CvPQVTc,
,,
UiPath Automation Express - YouTube,https://www.youtube.com/watch?v=eR6Hn21cGCo,
A Step-by-Step Guide to UiPath Installation - Simplilearn.com,https://www.simplilearn.com/tutorials/rpa-tutorial/uipath-installation,
Clipboard AI - Copy Paste Automation - UiPath,https://www.uipath.com/product/clipboard-ai,
2023 Beginner's Guide (UiPath Studio Installation + First Robot),https://www.youtube.com/watch?v=4InlRs5cF6g,
UiPath - YouTube,https://www.youtube.com/user/UiPath,
RPA UiPath Full Course | RPA Tutorial |Simplilearn - YouTube,https://www.youtube.com/watch?v=xWDKF_VqpyM,
Introduction to UiPath Studio - YouTube,https://www.youtube.com/watch?v=Fs2vyNZ-G9E,
,,
Excel Automation Tutorial with StudioX - UiPath,https://www.uipath.com/learning/video-tutorials/excel-automation-with-studiox,
Outlook Automation Tutorial with StudioX - UiPath,https://www.uipath.com/learning/video-tutorials/outlook-automation-with-studiox,
A Step-by-Step Guide to UiPath Installation - Simplilearn.com,https://www.simplilearn.com/tutorials/rpa-tutorial/uipath-installation,
Excel Automation Tutorial - DataTables Automation - UiPath,https://www.uipath.com/learning/video-tutorials/excel-datatables-automation,
File and Folder Automation Tutorial with StudioX - UiPath,https://www.uipath.com/learning/video-tutorials/file-folder-automation-with-studiox,
Make this UiPath Hello World example the first project in your ...,https://www.theserverside.com/blog/Coffee-Talk-Java-News-Stories-and-Opinions/Make-this-UiPath-Hello-World-example-the-first-project-in-your-RPA-journey,
Word Automation Tutorial with StudioX - UiPath,https://www.uipath.com/learning/video-tutorials/word-automation-tutorial-with-studiox,
"Meet UiPath Assistant - access, manage, and run automations ...",https://www.youtube.com/watch?v=0CTjEsCprsM,
,,
You NEED to know about UiPath Automation Express!,https://www.youtube.com/watch?v=K20sFggsTQs,
UiPath Process Mining Demo - YouTube,https://www.youtube.com/watch?v=Zrq8_Kx0elA,
,,
Selectors Tutorial - How to Identify Elements on Screen - UiPath,https://www.uipath.com/learning/video-tutorials/how-to-identify-elements-on-screen,
Work with UI Elements for UI Automation with Studio - UiPath,https://www.uipath.com/learning/video-tutorials/advanced-ui-automation,
UiPath Test Suite: Make Every Application and Robot Resilient,https://www.youtube.com/watch?v=HCxi3Nb1Nsk,
,,
Introduction to UiPath Studio - YouTube,https://www.youtube.com/watch?v=Fs2vyNZ-G9E,
,,
UI Automation and Data Inputs - UiPath,https://www.uipath.com/learning/video-tutorials/ui-automation-and-data-inputs,
UiPath AI revolutionizes mortgage approvals - YouTube,https://www.youtube.com/watch?v=t8oejwxtQ_Q,
UiPath Essentials Training - Automation 3.3,https://www.uipath.com/learning/video-tutorials/email-automation,
Recording - UiPath,https://www.uipath.com/learning/video-tutorials/recording,
Agent Assisted Automation - User Events - UiPath,https://www.uipath.com/learning/video-tutorials/agent-assisted-automation-user-events,
UiPath Integration Service for Automation Cloud - YouTube,https://www.youtube.com/watch?v=j8yftBZUotU,
,,
